{"cameraMode":{"drawMode":0,"name":"Shaded","section":"Shading Mode"},"sceneLighting":true,"audioPlay":false,"sceneViewState":{"showFog":true,"showMaterialUpdate":false,"showSkybox":true,"showFlares":true,"showImageEffects":true,"showParticleSystems":true},"in2DMode":false,"pivot":{"x":-1.5663164854049683,"y":-0.7880603671073914,"z":0.2858405113220215},"rotation":{"x":-0.0512675866484642,"y":0.02755635976791382,"z":-0.0014080401742830873,"w":-0.9983037710189819},"size":22.0,"orthographic":false}