{"cameraMode":{"drawMode":0,"name":"Shaded","section":"Shading Mode"},"sceneLighting":false,"audioPlay":false,"sceneViewState":{"showFog":true,"showMaterialUpdate":false,"showSkybox":false,"showFlares":true,"showImageEffects":true,"showParticleSystems":true},"in2DMode":false,"pivot":{"x":-1.5663166046142579,"y":-0.7880604267120361,"z":0.2858405113220215},"rotation":{"x":-0.021069370210170747,"y":-0.14881496131420136,"z":0.003178670769557357,"w":-0.9886354804039002},"size":79.26710510253906,"orthographic":false}